<?xml version="1.0" encoding="UTF-8"?>
<Racine xmlns:fx="http://javafx.com/fxml">
    <texte fx:controller="x">test.TestController</texte>
    <texte hgap="x">14.0</texte>
    <texte maxHeight="x">+Infinity</texte>
    <texte maxWidth="x">+Infinity</texte>
    <texte minHeight="x">-Infinity</texte>
    <texte minWidth="x">-Infinity</texte>
    <texte vgap="x">20.0</texte>
    <texte xmlns="x">http://javafx.com/javafx/8.0.40</texte>
    <texte xmlns:fx="x">http://javafx.com/fxml/1</texte>
    <texte GridPane.columnIndex="x">0</texte>
    <texte GridPane.halignment="x">CENTER</texte>
    <texte GridPane.rowIndex="x">0</texte>
    <texte GridPane.valignment="x">TOP</texte>
    <texte fitHeight="x">60.0</texte>
    <texte fitWidth="x">60.0</texte>
    <texte pickOnBounds="x">true</texte>
    <texte preserveRatio="x">true</texte>
    <texte GridPane.columnIndex="x">1</texte>
    <texte GridPane.rowIndex="x">0</texte>
    <texte maxHeight="x">+Infinity</texte>
    <texte maxWidth="x">+Infinity</texte>
    <texte minHeight="x">-Infinity</texte>
    <texte prefWidth="x">400.0</texte>
    <texte spacing="x">7.0</texte>
    <texte fx:id="x">messageLabel</texte>
    <texte text="x">message</texte>
    <texte textAlignment="x">LEFT</texte>
    <texte wrapText="x">true</texte>
    <texte name="x">System Bold</texte>
    <texte size="x">13.0</texte>
    <texte fx:id="x">detailsLabel</texte>
    <texte text="x">Verbe non transitif</texte>
    <texte textAlignment="x">LEFT</texte>
    <texte wrapText="x">true</texte>
    <texte size="x">12.0</texte>
    <texte GridPane.columnIndex="x">1</texte>
    <texte GridPane.rowIndex="x">1</texte>
    <texte maxHeight="x">-Infinity</texte>
    <texte maxWidth="x">+Infinity</texte>
    <texte minHeight="x">-Infinity</texte>
    <texte minWidth="x">-Infinity</texte>
    <texte alignment="x">CENTER</texte>
    <texte fx:id="x">actionParent</texte>
    <texte HBox.hgrow="x">ALWAYS</texte>
    <texte maxWidth="x">+Infinity</texte>
    <texte fx:id="x">okButton</texte>
    <texte layoutX="x">-6.0</texte>
    <texte layoutY="x">6.0</texte>
    <texte minWidth="x">80.0</texte>
    <texte mnemonicParsing="x">false</texte>
    <texte onAction="x">#fermer</texte>
    <texte text="x">Ok</texte>
    <texte alignment="x">CENTER</texte>
    <texte fx:id="x">okParent</texte>
    <texte hgrow="x">NEVER</texte>
    <texte maxWidth="x">-Infinity</texte>
    <texte minWidth="x">-Infinity</texte>
    <texte halignment="x">CENTER</texte>
    <texte hgrow="x">ALWAYS</texte>
    <texte maxWidth="x">+Infinity</texte>
    <texte minWidth="x">-Infinity</texte>
    <texte bottom="x">14.0</texte>
    <texte left="x">14.0</texte>
    <texte right="x">14.0</texte>
    <texte top="x">14.0</texte>
    <texte maxHeight="x">+Infinity</texte>
    <texte minHeight="x">-Infinity</texte>
    <texte valignment="x">CENTER</texte>
    <texte vgrow="x">ALWAYS</texte>
    <texte maxHeight="x">-Infinity</texte>
    <texte minHeight="x">-Infinity</texte>
    <texte vgrow="x">NEVER</texte>
</Racine>
