<?xml version="1.0" encoding="UTF-8" standalone="no"?>
<!DOCTYPE poema SYSTEM "neruda.dtd">
<poema>
    <titulo>Veinte poemas de amor y una canción desesperada (1924)</titulo>
    <estrofa>
        <verso>Me gustas cuando callas porque estás como ausente</verso>
        <verso>y me oyes desde lejos y mi voz no te toca.</verso>
        <verso>Parece que los ojos se te hubieran volado </verso>
        <verso>y parece que un beso te cerrara la boca.</verso>
    </estrofa>
    <estrofa>
        <verso>Como todas las cosas están llenas de mi alma</verso>
        <verso>emerges de las cosas, llena del alma mía.</verso>
        <verso>Mariposa de sueño, te pareces a mi alma, </verso>
        <verso>y te pareces a la palabra melancolía.</verso>
    </estrofa>
    <estrofa>
        <verso>Me gustas cuando callas y estás como distante.</verso>
        <verso>Y estás como quejándote, mariposa en arrullo.</verso>
        <verso>Y me oyes desde lejos, y mi voz no te alcanza: </verso>
        <verso>déjame que me calle con el silencio tuyo.</verso>
    </estrofa>
    <estrofa>
        <verso>Déjame que te hable también con tu silencio</verso>
        <verso>claro como una lámpara, simple como un anillo.</verso>
        <verso>Y estás como quejándote, mariposa en arrullo.</verso>
        <verso>Eres como la noche, callada y constelada. </verso>
        <verso>Tu silencio es de estrella, tan lejano y sencillo.</verso>
    </estrofa>
    <estrofa>
        <verso>Me gustas cuando callas porque estás como ausente.</verso>
        <verso>Distante y dolorosa como si hubieras muerto.</verso>
        <verso>Una palabra entonces, una sonrisa bastan. </verso>
        <verso>Y estoy alegre, alegre de que no sea cierto.</verso>
    </estrofa>
</poema>
