<?xml version="1.0" encoding="UTF-8"?>
<Concessionnaires>
    <Nom>Succursale</Nom>
    <Adresse>Oued Smar</Adresse>
    <Num_téléphone>021 51 37 33</Num_téléphone>
    <Nom>Grand Tourismo Automobiles</Nom>
    <Adresse>Avenue du 1er Mai</Adresse>
    <Num_téléphone>021 67 63 66</Num_téléphone>
    <Nom>AB Auto</Nom>
    <Adresse>Route de Larbaa Lot 91B Baraki</Adresse>
    <Num_téléphone>021 53 28 73</Num_téléphone>
    <Nom>Losange</Nom>
    <Adresse>1 Avenue des Freres Mohand Kaci</Adresse>
    <Num_téléphone>021 56 30 44</Num_téléphone>
    <Nom>Bab El Oued Automobiles</Nom>
    <Adresse>07 Rue Said Touati Bab El Oued</Adresse>
    <Num_téléphone>021 97 58 82</Num_téléphone>
    <Nom>Salon</Nom>
    <Adresse>Grand Vent Autoroute Dely Brahim</Adresse>
    <Num_téléphone>021 38 76 86</Num_téléphone>
    <Nom>Rouibauto</Nom>
    <Adresse>17 AV du 1er Novembre Rouiba</Adresse>
    <Num_téléphone>021 81 42 92</Num_téléphone>
    <Nom>Cima Motors</Nom>
    <Adresse>Cité Domaine Baranci Route National N05</Adresse>
    <Num_téléphone>021 84 84 93</Num_téléphone>
    <Nom>Z M V</Nom>
    <Adresse>Zone D’activité N°12 Zeralda</Adresse>
    <Num_téléphone>021 32 57 73</Num_téléphone>
    <Nom>AMC</Nom>
    <Adresse>404 Avenue Hamid Kebladj El Hammamet</Adresse>
    <Num_téléphone>021 95 97 37</Num_téléphone>
    <Nom>Africars</Nom>
    <Adresse>06 Rue des anassers Kouba</Adresse>
    <Num_téléphone>021 29 30 19</Num_téléphone>
    <Nom>Direction des Ventes Flottes</Nom>
    <Adresse>60 A Boulevard Colonel Bougara BP 353 El Biar</Adresse>
    <Num_téléphone>021 92 23 39</Num_téléphone>
    <Nom>Sahli Mohamed</Nom>
    <Adresse>06 Rue Amar Smaoui Hussein Dey</Adresse>
    <Num_téléphone>021 23 37 17</Num_téléphone>
</Concessionnaires>
