<?xml version="1.0" encoding="UTF-8"?>
<!DOCTYPE TEI_S SYSTEM "dom.dtd">
<TEI_S>
    <M674.xml>
        <texte>Dans un cadre de recherche ou d'enseignement</texte>
        <texte>I.</texte>
        <texte>Aux premiers fruits de mon verger.</texte>
        <texte>Précurseurs de l'automne, ô fruits nés d'une terre</texte>
        <texte>où l'art industrieux, sous ses maisons de verre,</texte>
        <texte>des soleils du midi sait feindre les chaleurs,</texte>
        <texte>allez trouver *Fanny, cette mère craintive.</texte>
        <texte>à sa fille aux doux yeux, fleur débile et tardive,</texte>
        <texte>rendez la force et les couleurs.</texte>
        <texte>Non qu'un péril funeste assiège son enfance ;</texte>
        <texte>mais du coeur maternel la tendre défiance</texte>
        <texte>n'attend pas le danger qu'elle sait trop prévoir.</texte>
        <texte>Et *Fanny, qu'une fois les destins ont frappée,</texte>
        <texte>soupçonneuse et longtemps de sa perte occupée,</texte>
        <texte>redoute de loin leur pouvoir.</texte>
        <texte>L'été va dissiper de si promptes alarmes.</texte>
        <texte>Nous devons en naissant tous un tribut de larmes ;</texte>
        <texte>les siennes ont déjà trop satisfait aux dieux.</texte>
        <texte>Sa beauté, ses vertus, ses grâces naturelles,</texte>
        <texte>n'ont point des dieux sans doute, ainsi que des</texte>
        <texte>mortelles,</texte>
        <texte>armé le courroux envieux.</texte>
        <texte>Belle bientôt comme elle, au retour d'*érigone,</texte>
        <texte>l'enfant va ranimer, nourrisson de *Pomone,</texte>
        <texte>ce front que de *Borée un souffle avait terni.</texte>
        <texte>Oh ! De la conserver, cieux, faites votre étude ;</texte>
        <texte>que jamais la douleur, même l'inquiétude,</texte>
        <texte>n'approchent du sein de *Fanny.</texte>
        <texte>Que n'est-ce encor ce temps et d'amour et de gloire,</texte>
        <texte>qui de *Pollux, d'*Alceste, a gardé la mémoire,</texte>
        <texte>quand un pieux échange apaisait les enfers !</texte>
        <texte>Quand les trois soeurs pouvaient n'être point</texte>
        <texte>inflexibles,</texte>
        <texte>et qu'au prix de ses jours, de leurs ciseaux</texte>
        <texte>terribles,</texte>
        <texte>on rachetait des jours plus chers !</texte>
        <texte>Oui, je voudrais alors qu'en effet toute prête,</texte>
        <texte>la parque, aimable enfant, vînt menacer ta tête,</texte>
        <texte>pour me mettre en ta place et te sauver le jour ;</texte>
        <texte>voir ma trame rompue à la tienne enchaînée ;</texte>
        <texte>et *Fanny s'avouer par moi seul fortunée,</texte>
        <texte>et s'applaudir de mon amour.</texte>
        <texte>Oh ! De quel doux regard, à mon heure dernière,</texte>
        <texte>elle viendrait chercher ma mourante paupière !</texte>
        <texte>Oh ! Quelle douce voix m'appellerait en vain !</texte>
        <texte>De quel doux souvenir ma mort serait suivie !</texte>
        <texte>ô chimère ! ô souhait ! ô d'une noble vie</texte>
        <texte>plus noble et plus heureuse fin !</texte>
        <texte>Sur ses pieds délicats ma bouche défaillante</texte>
        <texte>savourerait la mort ; et mon âme expirante</texte>
        <texte>du bonheur d'une mère irait payer les dieux.</texte>
        <texte>Je voudrais seulement que, du moins, sur la terre</texte>
        <texte>où dormiraient mes os, s'élevât une pierre</texte>
        <texte>qui fût voisine de ses yeux !</texte>
        <texte>Ma tombe quelque jour troublerait sa pensée.</texte>
        <texte>Quelque jour, à sa fille entre ses bras pressée,</texte>
        <texte>l'oeil humide peut-être, en passant près de moi :</texte>
        <texte>" celui-ci, dirait-elle, a qui je fus bien chère,</texte>
        <texte>fut content de mourir, en songeant que ta mèrr</texte>
        <texte>n'aurait point à pleurer sur toi. "</texte>
        <texte>2.</texte>
        <texte>J'ai vu sur d'autres yeux, qu'amour faisait sourire,</texte>
        <texte>ses doux regards s'attendrir et pleurer</texte>
        <texte>et du miel le plus doux que sa bouche respire</texte>
        <texte>une autre bouche s'enivrer</texte>
        <texte>et quand sur mon visage inquiet, tourmenté,</texte>
        <texte>une sueur involontaire</texte>
        <texte>exprimait le dépit de mon coeur agité,</texte>
        <texte>un coup d'oeil caressant furtivement jeté</texte>
        <texte>tempérait dans mon sein cette souffrance amère.</texte>
        <texte>Ah ! Dans le fond de ses forêts</texte>
        <texte>le ramier déchiré de traits</texte>
        <texte>gémit au moins sans se contraindre ;</texte>
        <texte>et le fugitif *Actéon,</texte>
        <texte>percé par les traits d'*Orion,</texte>
        <texte>peut l'accuser et peut se plaindre.</texte>
        <texte>3.</texte>
        <texte>*Bacchus, sous ces forêts que tes plaintes</texte>
        <texte>troublèrent,</texte>
        <texte>ô fille de *Minos, consola tes douleurs.</texte>
        <texte>Les larmes de *Phyllis sur ces rives coulèrent ;</texte>
        <texte>elles firent naître ces fleurs.</texte>
        <texte>Ces vallons redisaient les caresses d'*Oenone ;</texte>
        <texte>ce fleuve s'arrêtait aux baisers d'*Arion ;</texte>
        <texte>et ces grottes ont vu la fille de *Latone</texte>
        <texte>descendre au sein d'*Endymion.</texte>
        <texte>ô mer, du jeune amant.</texte>
        <texte>Ne put vaincre l'espoir, la jeunesse et l'amour.</texte>
        <texte>ô mer, tu fus domptée, et ta rage écumante</texte>
        <texte>ne l'engloutit qu'à son retour.</texte>
        <texte>4.</texte>
        <texte>Non, de tous les amants les regards, les soupirs</texte>
        <texte>ne sont point des pièges perfides.</texte>
        <texte>Non, à tromper des coeurs délicats et timides</texte>
        <texte>tous ne mettent point leurs plaisirs.</texte>
        <texte>Toujours la feinte mensongère</texte>
        <texte>ne farde point de pleurs, vains enfants des désirs,</texte>
        <texte>une insidieuse prière.</texte>
        <texte>Non, avec votre image, artifice et détour,</texte>
        <texte>*Fanny, n'habitent point une âme :</texte>
        <texte>des yeux, pleins de vos traits, sont à vous. Nulle</texte>
        <texte>femme</texte>
        <texte>ne leur paraît digne d'amour.</texte>
        <texte>Ah ! La pâle fleur de *Clytie</texte>
        <texte>ne voit au ciel qu'un astre ; et l'absence du jour</texte>
        <texte>flétrit sa tête appesantie.</texte>
        <texte>Des lèvres d'une belle un seul mot échappé</texte>
        <texte>blesse d'une trace profonde</texte>
        <texte>le coeur d'un malheureux qui ne voit qu'elle au monde.</texte>
        <texte>Son coeur pleure en secret frappé,</texte>
        <texte>quand sa bouche feint de sourire.</texte>
        <texte>Il fuit ; et jusqu'au jour de son trouble occupé,</texte>
        <texte>absente, il ose au moins lui dire :</texte>
        <texte>" *Fanny, belle adorée aux yeux doux et sereins,</texte>
        <texte>heureux qui n'ayant d'autre envie</texte>
        <texte>que de vous voir, vous plaire et vous donner sa vie,</texte>
        <texte>oublié de tous les humains,</texte>
        <texte>près d'aller rejoindre ses pères,</texte>
        <texte>vous dira, vous pressant de ses mourantes mains :</texte>
        <texte>crois-tu qu'il soit des coeurs sincères ? "</texte>
        <texte>5.</texte>
        <texte>*Fanny, l'heureux mortel qui près de toi respire</texte>
        <texte>sait, à te voir parler et rougir et sourire,</texte>
        <texte>de quels hôtes divins le ciel est habité.</texte>
        <texte>La grâce, la candeur, la naïve innocence</texte>
        <texte>ont, depuis ton enfance,</texte>
        <texte>de tout ce qui peut plaire enrichi ta beauté.</texte>
        <texte>Sur tes traits, où ton âme imprime sa noblesse,</texte>
        <texte>elles ont su mêler aux roses de jeunesse</texte>
        <texte>ces roses de pudeur, charmes plus séduisants ;</texte>
        <texte>et remplir tes regards, tes lèvres, ton langage,</texte>
        <texte>de ce miel dont le sage</texte>
        <texte>cherche lui-même en vain à défendre ses sens.</texte>
        <texte>Oh ! Que n'ai-je moi seul tout l'éclat et la gloire</texte>
        <texte>que donnent les talents, la beauté, la victoire,</texte>
        <texte>pour fixer sur moi seul ta pensée et tes yeux !</texte>
        <texte>Que, loin de moi, ton coeur fût plein de ma présence,</texte>
        <texte>comme, dans ton absence,</texte>
        <texte>ton aspect bien-aimé m'est présent en tous lieux !</texte>
        <texte>Je pense : elle était là. Tous disaient : " qu'elle</texte>
        <texte>est belle ! "</texte>
        <texte>tels furent ses regards, sa démarche fut telle,</texte>
        <texte>et tels ses vêtements, sa voix et ses discours.</texte>
        <texte>Sur ce gazon assise, et dominant la plaine,</texte>
        <texte>des méandres de *Seine,</texte>
        <texte>rêveuse, elle suivait les obliques détours.</texte>
        <texte>Ainsi dans les forêts j'erre avec ton image :</texte>
        <texte>ainsi le jeune faon, dans son désert sauvage,</texte>
        <texte>d'un plomb volant percé, précipite ses pas.</texte>
        <texte>Il emporte en fuyant sa mortelle blessure ;</texte>
        <texte>couché près d'une eau pure,</texte>
        <texte>palpitant, hors d'haleine, il attend le trépas.</texte>
        <texte>6.</texte>
        <texte>à *Fanny, malade.</texte>
        <texte>Quelquefois un souffle rapide</texte>
        <texte>obscurcit un moment sous sa vapeur humide</texte>
        <texte>l'or, qui reprend soudain sa brillante couleur.</texte>
        <texte>Ainsi du *Sirius, ô jeune bien-aimée !</texte>
        <texte>Un moment l'haleine enflammée</texte>
        <texte>de ta beauté vermeille a fatigué la fleur.</texte>
        <texte>De quel tendre et léger nuage</texte>
        <texte>un peu de pâleur douce, épars sur ton visage,</texte>
        <texte>enveloppa tes traits calmes et languissants !</texte>
        <texte>Quel regard, quel sourire, à peine sur ta couche</texte>
        <texte>entr'ouvraient tes yeux et ta bouche !</texte>
        <texte>Et que de miel coulait de tes faibles accents !</texte>
        <texte>Oh ! Qu'une belle est plus à craindre,</texte>
        <texte>alors qu'elle gémit, alors qu'on peut la plaindre,</texte>
        <texte>qu'on s'alarme pour elle. Ah ! S'il était des coeurs,</texte>
        <texte>*Fanny, que ton éclat eût trouvés insensibles,</texte>
        <texte>ils ne resteraient point paisibles</texte>
        <texte>près de ton front voilé de ces douces langueurs.</texte>
        <texte>Oui, quoique meilleure et plus belle,</texte>
        <texte>toi-même cependant tu n'es qu'une mortelle ;</texte>
        <texte>je le vois. Mais du ciel, toi, l'orgueil et l'amour,</texte>
        <texte>tes beaux ans sont sacrés. Ton âme et ton visage</texte>
        <texte>sont des dieux la divine image ;</texte>
        <texte>et le ciel s'applaudit de t'avoir mise au jour.</texte>
        <texte>Le ciel t'a vue en tes prairies</texte>
        <texte>oublier tes loisirs, tes lentes rêveries ;</texte>
        <texte>et tes dons et tes soins chercher les malheureux ;</texte>
        <texte>tes délicates mains à leurs lèvres amères</texte>
        <texte>présenter des sucs salutaires,</texte>
        <texte>ou presser d'un lin pur leurs membres douloureux.</texte>
        <texte>Souffrances que je leur envie !</texte>
        <texte>Qu'ils eurent de bonheur de trembler pour leur vie,</texte>
        <texte>puisqu'ils virent sur eux tes regrets caressants !</texte>
        <texte>Et leur toit rayonner de ta douce présence,</texte>
        <texte>et la bonté, la complaisance,</texte>
        <texte>attendrir tes discours, plus chers que tes présents !</texte>
        <texte>Près de leur lit, dans leur chaumière,</texte>
        <texte>ils crurent voir descendre un ange de lumière,</texte>
        <texte>qui des ombres de mort dégageait leur flambeau ;</texte>
        <texte>leurs coeurs étaient émus comme, aux yeux de la</texte>
        <texte>*Grèce,</texte>
        <texte>la victime qu'une déesse</texte>
        <texte>vint ravir à l'*Aulide, à *Calchas, au tombeau.</texte>
        <texte>Ah ! Si des douleurs étrangères</texte>
        <texte>d'une larme si noble humectent tes paupières</texte>
        <texte>et te font des destins accuser la rigueur,</texte>
        <texte>ceux qui souffrent pour toi, tu les plaindras</texte>
        <texte>peut-être ;</texte>
        <texte>et les douleurs que tu fais naître</texte>
        <texte>ont-elles moins le droit d'intéresser ton coeur ?</texte>
        <texte>*Troie, antique honneur de l'*Asie,</texte>
        <texte>vit le prince expirant des guerriers de *Mysie</texte>
        <texte>d'un vainqueur généreux éprouver les bienfaits.</texte>
        <texte>D'*Achille désarmé la main amie et sûre</texte>
        <texte>toucha sa mortelle blessure,</texte>
        <texte>et soulagea les maux qu'elle-même avait faits.</texte>
        <texte>à tous les instants rappelée,</texte>
        <texte>ta vue apaise ainsi l'âme qu'elle a troublée.</texte>
        <texte>*Fanny, pour moi ta vue est la clarté des cieux,</texte>
        <texte>vivre est te regarder, et t'aimer, te le dire ;</texte>
        <texte>et quand tu daignes me sourire,</texte>
        <texte>le lit de *Vénus même est sans prix à mes yeux.</texte>
        <texte>7.</texte>
        <texte>Ode.</texte>
        <texte>I.</texte>
        <texte>Mai de moins de roses, l'automne</texte>
        <texte>de moins de pampres se couronne,</texte>
        <texte>moins d'épis flottent en moissons,</texte>
        <texte>que sur mes lèvres, sur ma lyre,</texte>
        <texte>*Fanny, tes regards, ton sourire,</texte>
        <texte>ne font éclore de chansons.</texte>
        <texte>II.</texte>
        <texte>Les secrets pensers de mon âme</texte>
        <texte>sortent en paroles de flamme,</texte>
        <texte>à ton nom doucement émus.</texte>
        <texte>Ainsi la nacre industrieuse</texte>
        <texte>jette sa perle précieuse,</texte>
        <texte>honneur des sultanes d'*Ormuz.</texte>
        <texte>III.</texte>
        <texte>Ainsi, sur son mûrier fertile,</texte>
        <texte>le ver du *Cathay mêle et file</texte>
        <texte>sa trame étincelante d'or.</texte>
        <texte>Viens : mes muses, pour ta parure,</texte>
        <texte>de leur soie immortelle et pure</texte>
        <texte>versent un plus riche trésor.</texte>
        <texte>IV.</texte>
        <texte>Les perles de la poésie</texte>
        <texte>forment, sous leurs doigts d'ambroisie,</texte>
        <texte>d'un collier le brillant contour.</texte>
        <texte>Viens, *Fanny : que ma main suspende</texte>
        <texte>sur ton sein cette noble offrande,</texte>
        <texte>8.</texte>
        <texte>ô *Versaille, ô bois, ô portiques,</texte>
        <texte>marbres vivants, berceaux antiques,</texte>
        <texte>par les dieux et les rois élysée embelli,</texte>
        <texte>à ton aspect, dans ma pensée,</texte>
        <texte>comme sur l'herbe aride une fraîche rosée,</texte>
        <texte>coule un peu de calme et d'oubli.</texte>
        <texte>*Paris me semble un autre empire,</texte>
        <texte>dès que chez toi je vois sourire</texte>
        <texte>mes pénates secrets couronnés de rameaux ;</texte>
        <texte>d'où souvent les monts et les plaines</texte>
        <texte>vont dirigeant mes pas aux campagnes prochaines,</texte>
        <texte>sous de triples cintres d'ormeaux.</texte>
        <texte>Les chars, les royales merveilles,</texte>
        <texte>des gardes les nocturnes veilles,</texte>
        <texte>tout a fui ; des grandeurs tu n'es plus le séjour :</texte>
        <texte>mais le sommeil, la solitude,</texte>
        <texte>dieux jadis inconnus, et les arts, et l'étude</texte>
        <texte>composent aujourd'hui ta cour.</texte>
        <texte>Ah ! Malheureux ! à ma jeunesse</texte>
        <texte>une oisive et morne paresse</texte>
        <texte>ne laisse plus goûter les studieux loisirs.</texte>
        <texte>Mon âme, d'ennui consumée,</texte>
        <texte>s'endort dans les langueurs. Louange et renommée</texte>
        <texte>n'inquiètent plus mes désirs.</texte>
        <texte>L'abandon, l'obscurité, l'ombre,</texte>
        <texte>une paix taciturne et sombre,</texte>
        <texte>voilà tous mes souhaits. Cache mes tristes jours,</texte>
        <texte>et nourris, s'il faut que je vive,</texte>
        <texte>de mon pâle flambeau la clarté fugitive,</texte>
        <texte>aux douces chimères d'amours.</texte>
        <texte>L'âme n'est point encor flétrie,</texte>
        <texte>la vie encor n'est point tarie,</texte>
        <texte>quand un regard nous trouble et le coeur et la voix.</texte>
        <texte>Qui cherche les pas d'une belle,</texte>
        <texte>qui peut ou s'égayer ou gémir auprès d'elle,</texte>
        <texte>de ses jours peut porter le poids.</texte>
        <texte>J'aime ; je vis. Heureux rivage !</texte>
        <texte>Tu conserves sa noble image,</texte>
        <texte>son nom, qu'à tes forêts j'ose apprendre le soir ;</texte>
        <texte>quand, l'âme doucement émue,</texte>
        <texte>j'y reviens méditer l'instant où je l'ai vue,</texte>
        <texte>et l'instant où je dois la voir.</texte>
        <texte>Pour elle seule encore abonde</texte>
        <texte>cette source, jadis féconde,</texte>
        <texte>qui coulait de ma bouche en sons harmonieux.</texte>
        <texte>Sur mes lèvres tes bosquets sombres</texte>
        <texte>forment pour elle encor ces poétiques nombres,</texte>
        <texte>langage d'amour et des dieux.</texte>
        <texte>Ah ! Témoin des succès du crime,</texte>
        <texte>si l'homme juste et magnanime</texte>
        <texte>pouvait ouvrir son coeur à la félicité,</texte>
        <texte>*Versailles, tes routes fleuries,</texte>
        <texte>ton silence, fertile en belles rêveries,</texte>
        <texte>n'auraient que joie et volupté.</texte>
        <texte>Mais souvent tes vallons tranquilles,</texte>
        <texte>tes sommets verts, tes frais asiles,</texte>
        <texte>tout à coup à mes yeux s'enveloppent de deuil.</texte>
        <texte>J'y vois errer l'ombre livide</texte>
        <texte>d'un peuple d'innocents, qu'un tribunal perfide</texte>
        <texte>précipite dans le cercueil.</texte>
        <texte>9.</texte>
        <texte>Mais la haineuse ingratitude</texte>
        <texte>à taire les bienfaits seule met son étude.</texte>
        <texte>La reconnaissance aux doux yeux,</texte>
        <texte>au souris caressant, à la longue mémoire,</texte>
        <texte>parle, et des dieux chérie, est l'amour et la gloire</texte>
        <texte>des mortels semblables aux dieux.</texte>
        <texte>Quel fugitif, d'un pied colère,</texte>
        <texte>va renverser l'autel qui lui fut tutélaire ?</texte>
        <texte>Quel nageur sauvé du trépas</texte>
        <texte>brûle son bienfaiteur, le roseau du rivage ?</texte>
        <texte>Quel rossignol ne chante, à couvert de l'orage,</texte>
        <texte>l'ormeau qui lui tendit les bras ?</texte>
        <texte>Ainsi pour ces molles prairies</texte>
        <texte>que *Versaille, au retour des pléiades fleuries,</texte>
        <texte>étendit sous mes pas errants ;</texte>
        <texte>pour ces eaux, ces zéphyrs, l'ombre fraîche et secrète,</texte>
        <texte>dont il a du lion, sur ma docte retraite,</texte>
        <texte>tempéré les feux dévorants ;</texte>
        <texte>ma muse en poétique offrande</texte>
        <texte>lui tressa l'amaranthe, immortelle guirlande.</texte>
        <texte>D'où vient donc, etc.</texte>
        <texte>Ode.</texte>
        <texte>" l'épi naissant mûrit de la faux respecté ;</texte>
        <texte>sans crainte du pressoir, le pampre tout l'été</texte>
        <texte>boit les doux présents de l'aurore ;</texte>
        <texte>et moi, comme lui belle, et jeune comme lui,</texte>
        <texte>quoi que l'heure présente ait de trouble et d'ennui,</texte>
        <texte>je ne veux point mourir encore.</texte>
        <texte>Qu'un stoïque aux yeux secs vole embrasser la mort :</texte>
        <texte>moi je pleure et j'espère. Au noir souffle du nord</texte>
        <texte>je plie et relève ma tête.</texte>
        <texte>S'il est des jours amers, il en est de si doux !</texte>
        <texte>Hélas ! Quel miel jamais n'a laissé de dégoûts ?</texte>
        <texte>Quelle mer n'a point de tempête ?</texte>
        <texte>L'illusion féconde habite dans mon sein.</texte>
        <texte>D'une prison sur moi les murs pèsent en vain,</texte>
        <texte>j'ai les ailes de l'espérance.</texte>
        <texte>échappée aux réseaux de l'oiseleur cruel,</texte>
        <texte>plus vive, plus heureuse, aux campagnes du ciel</texte>
        <texte>*Philomèle chante et s'élance.</texte>
        <texte>Est-ce à moi de mourir ? Tranquille je m'endors</texte>
        <texte>et tranquille je veille ; et ma veille aux remords</texte>
        <texte>ni mon sommeil ne sont en proie.</texte>
        <texte>Ma bienvenue au jour me rit dans tous les yeux ;</texte>
        <texte>sur des fronts abattus, mon aspect dans ces lieux</texte>
        <texte>ranime presque de la joie.</texte>
        <texte>Mon beau voyage encore est si loin de sa fin !</texte>
        <texte>Je pars, et des ormeaux qui bordent le chemin</texte>
        <texte>j'ai passé les premiers à peine.</texte>
        <texte>Au banquet de la vie à peine commencé,</texte>
        <texte>un instant seulement mes lèvres ont pressé</texte>
        <texte>la coupe en mes mains encor pleine.</texte>
        <texte>Je ne suis qu'au printemps. Je veux voir la moisson,</texte>
        <texte>et comme le soleil, de saison en saison,</texte>
        <texte>je veux achever mon année.</texte>
        <texte>Brillante sur ma tige et l'honneur du jardin,</texte>
        <texte>je n'ai vu luire encor que les feux du matin ;</texte>
        <texte>je veux achever ma journée.</texte>
        <texte>ô mort ! Tu peux attendre ; éloigne, éloigne-toi ;</texte>
        <texte>va consoler les coeurs que la honte, l'effroi,</texte>
        <texte>le pâle désespoir dévore.</texte>
        <texte>Pour moi *Palès encore a des asiles verts,</texte>
        <texte>les amours des baisers, les muses des concerts.</texte>
        <texte>Je ne veux point mourir encore. "</texte>
        <texte>ainsi, triste et captif, ma lyre toutefois</texte>
        <texte>s'éveillait, écoutant ces plaintes, cette voix,</texte>
        <texte>ces voeux d'une jeune captive ;</texte>
        <texte>et secouant le faix de mes jours languissants,</texte>
        <texte>aux douces lois des vers je pliai les accents</texte>
        <texte>de sa bouche aimable et naïve.</texte>
        <texte>Ces chants, de ma prison témoins harmonieux,</texte>
        <texte>feront à quelque amant des loisirs studieux</texte>
        <texte>chercher quelle fut cette belle.</texte>
        <texte>La grâce décorait son front et ses discours,</texte>
        <texte>et comme elle craindront de voir finir leurs jours</texte>
        <texte>ceux qui les passeront près d'elle.</texte>
        <texte>I.</texte>
        <texte>In a spanish *Pindar song (qu'il ne faut pas publier</texte>
        <texte>avec le reste).</texte>
        <texte>ô saint *Ferdinand, sans doute en montant au ciel, où</texte>
        <texte>tes vertus plus que ta canonisation t'ont fait monter,</texte>
        <texte>plus éclairé, tu pleuras aux pieds de *Dieu d'avoir</texte>
        <texte>attisé le feu où on allait brûler des hérétiques, et</texte>
        <texte>employé à verser le sang de tes sujets une main</texte>
        <texte>employée avec tant de gloire à verser celui des</texte>
        <texte>musulmans... et toi, *Philippe *II, un de tes</texte>
        <texte>tourments dans les enfers, c'est d'avoir fait périr</texte>
        <texte>dans les flammes un si grand nombre de tes sujets</texte>
        <texte>innocents... d'avoir, un jour que tu assistais à cet</texte>
        <texte>horrible spectacle, répondu des injures à un</texte>
        <texte>malheureux qui te demandait grâce.</texte>
        <texte>2.</texte>
        <texte>Réveille-toi, ô *Espagne... j'ai traversé tes terres,</texte>
        <texte>autrefois</texte>
        <texte>si fertiles, aujourd'hui des déserts... j'ai pleuré</texte>
        <texte>sur toi, sur tes fers...</texte>
        <texte>ô espagnols, votre mère, votre *Espagne pleure et</texte>
        <texte>gémit et crie :</texte>
        <texte>autrefois mes enfants généreux étaient libres</texte>
        <texte>and dekinged kings... aujourd'hui...</texte>
        <texte>j'ai entendu en *Angleterre, en *France, en *Italie,</texte>
        <texte>les hommes qui on inventé les sciences... qui ont</texte>
        <texte>secoué les fers honteux... sourire de pitié en</texte>
        <texte>parlant de l'*Espagne. ô espagnols, ne voulez-vous</texte>
        <texte>pas les forcer à se taire ?</texte>
        <texte>Réveille-toi, *Espagne...</texte>
        <texte>rois, n'êtes-vous pas honteux de porter une couronne</texte>
        <texte>tribut. Du clergé ?</texte>
        <texte>Que leur importe que vous soyez un homme vertueux ?</texte>
        <texte>Ils ne connaissent de vertu que de croire aux</texte>
        <texte>mensonges qu'ils vous disent et surtout de leur</texte>
        <texte>donner bien de l'argent. Ils aimeraient mieux que vous</texte>
        <texte>fussiez un coquin. Car alors, ou vous feriez comme</texte>
        <texte>eux ; ou, si vous les attaquiez, ils auraient plus</texte>
        <texte>beau jeu à vous répondre.</texte>
        <texte>3.</texte>
        <texte>*Sertorius et sa biche... *Crassus caché dans la</texte>
        <texte>grotte que *Plutarque peint si délicieusement.</texte>
        <texte>4.</texte>
        <texte>*Campos *D'*Almodovar, dites-nous ce qui se passa à</texte>
        <texte>telle et telle bataille...</texte>
        <texte>5.</texte>
        <texte>ô nymphes du *Mondego... et toi, belle ombre de la</texte>
        <texte>belle *Inès, qui erres toujours dans les feuilles de</texte>
        <texte>ce bocage mélancolique, au bord de cette fontaine...</texte>
        <texte>venez m'inspirer...</texte>
        <texte>6.</texte>
        <texte>Viens, ô mon imagination, viens voir telle cascade,</texte>
        <texte>etc... et chantons.</texte>
        <texte>7.</texte>
        <texte>J'erre au sommet des montagnes... et comme de là je</texte>
        <texte>vois loin sous mes pas</texte>
        <texte>aux efforts... du fleuve tortueux</texte>
        <texte>de ces vallons étroits s'ouvrir les avenues,</texte>
        <texte>sur la mousse d'un roc élancé dans les nues,</texte>
        <texte>ou sur un tronc que l'âge ou la foudre a brisé,</texte>
        <texte>assis </texte>
        <texte>j'ouvre enfin un passage aux flots de mes pensées,</texte>
        <texte>en torrents orageux dans mon sein amassées.</texte>
        <texte>In the spanish *Pindar translat. Le grand nombre de</texte>
        <texte>morceaux semblables ne me permettra point de</texte>
        <texte>l'employer dans mes séquaniennes.</texte>
        <texte>8.</texte>
        <texte>End of some span. *Pindar.</texte>
        <texte>Qu'un autre compose des odes bien longues... mais que</texte>
        <texte>le feu le plus ardent est celui qui se consume le plus</texte>
        <texte>vite ; il brûle et enflamme tout en un instant ; et</texte>
        <texte>l'on entend de loin son bruit et son éclat</texte>
        <texte>foudroyant...</texte>
        <texte>1.</texte>
        <texte>Voyez rajeunir d'âge en âge</texte>
        <texte>l'antique et naïve beauté</texte>
        <texte>de ces muses dont le langage</texte>
        <texte>est brillant, comme leur visage,</texte>
        <texte>de force et de douceur, de grâce et de fierté.</texte>
        <texte>De ce cortège de la *Grèce</texte>
        <texte>suivez les banquets séducteurs ;</texte>
        <texte>mais fuyez la pesante ivresse</texte>
        <texte>de ce faux et bruyant *Permesse</texte>
        <texte>que du nord nébuleux boivent les durs chanteurs.</texte>
        <texte>2.</texte>
        <texte>Ces droits nés avec la nature,</texte>
        <texte>contemporains de l'éternel.</texte>
        <texte>Vaincu par sa propre victoire.</texte>
        <texte>Devant les nations, souverains légitimes,</texte>
        <texte>fléchir ce front qui se dit souverain.</texte>
        <texte>Ces fiers tyrans, valets sous le tyran suprême.</texte>
        <texte>Punir les erreurs par des crimes.</texte>
        <texte>I.</texte>
        <texte>Reprends ta robe d'or, ceins ton riche bandeau,</texte>
        <texte>jeune et divine poésie :</texte>
        <texte>quoique ces temps d'orage éclipsent ton flambeau,</texte>
        <texte>aux lèvres de *David, roi du savant pinceau,</texte>
        <texte>porte la coupe d'ambrosie.</texte>
        <texte>La patrie, à son art indiquant nos beaux jours,</texte>
        <texte>a confirmé mes antiques discours :</texte>
        <texte>quand je lui répétais que la liberté mâle</texte>
        <texte>des arts est le génie heureux ;</texte>
        <texte>que nul talent n'est fils de la faveur royale ;</texte>
        <texte>qu'un pays libre est leur terre natale.</texte>
        <texte>Là, sous un soleil généreux,</texte>
        <texte>ces arts, fleurs de la vie, et délices du monde,</texte>
        <texte>forts, à leur croissance livrés,</texte>
        <texte>atteignent leur grandeur féconde.</texte>
        <texte>La palette offre l'âme aux regards enivrés.</texte>
        <texte>Les antres de *Paros de dieux peuplent la terre.</texte>
        <texte>L'airain coule et respire. En portiques sacrés</texte>
        <texte>s'élancent le marbre et la pierre.</texte>
        <texte>II.</texte>
        <texte>Toi-même, belle vierge à la touchante voix,</texte>
        <texte>nymphe ailée, aimable sirène,</texte>
        <texte>ta langue s'amollit dans le palais des rois,</texte>
        <texte>ta hauteur se rabaisse, et d'enfantines lois</texte>
        <texte>oppriment ta marche incertaine ;</texte>
        <texte>ton feu n'est que lueur, ta beauté n'est que fard.</texte>
        <texte>La liberté du génie et de l'art</texte>
        <texte>t'ouvre tous les trésors. Ta grâce auguste et fière</texte>
        <texte>de nature et d'éternité</texte>
        <texte>fleurit. Tes pas sont grands. Ton front ceint de</texte>
        <texte>lumière</texte>
        <texte>touche les cieux. Ta flamme agite, éclaire,</texte>
        <texte>dompte les coeurs. La liberté,</texte>
        <texte>pour dissoudre en secret nos entraves pesantes,</texte>
        <texte>arme ton fraternel secours.</texte>
        <texte>C'est de tes lèvres séduisantes</texte>
        <texte>qu'invisible elle vole ; et par d'heureux détours</texte>
        <texte>trompe les noirs verrous, les fortes citadelles,</texte>
        <texte>et les mobiles ponts qui défendent les tours,</texte>
        <texte>et les nocturnes sentinelles.</texte>
        <texte>III.</texte>
        <texte>Son règne au loin semé par tes doux entretiens</texte>
        <texte>germe dans l'ombre au coeur des sages.</texte>
        <texte>Ils attendent son heure, unis par tes liens,</texte>
        <texte>tous, en un monde à part, frères, concitoyens,</texte>
        <texte>dans tous les lieux, dans tous les âges.</texte>
        <texte>Tu guidais mon *David à la suivre empressé :</texte>
        <texte>quand, avec toi, dans le sein du passé,</texte>
        <texte>fuyant parmi les morts sa patrie asservie,</texte>
        <texte>sous sa main, rivale des dieux,</texte>
        <texte>la toile s'enflammait d'une éloquente vie ;</texte>
        <texte>et la ciguë, instrument de l'envie,</texte>
        <texte>portant *Socrate dans les cieux ;</texte>
        <texte>et le premier consul, plus citoyen que père,</texte>
        <texte>rentré seul par son jugement,</texte>
        <texte>aux pieds de sa *Rome si chère</texte>
        <texte>savourant de son coeur le glorieux tourment ;</texte>
        <texte>l'obole mendié seul appui d'un grand homme ;</texte>
        <texte>et l'albain terrassé dans le mâle serment</texte>
        <texte>des trois frères sauveurs de *Rome.</texte>
        <texte>IV.</texte>
        <texte>Un plus noble serment d'un si digne pinceau</texte>
        <texte>appelle aujourd'hui l'industrie.</texte>
        <texte>*Marathon, tes persans et leur sanglant tombeau</texte>
        <texte>vivaient par ce bel art. Un sublime tableau</texte>
        <texte>naît aussi pour notre patrie.</texte>
        <texte>Elle expirait : son sang était tari : ses flancs</texte>
        <texte>ne portaient plus son poids. Depuis mille ans</texte>
        <texte>à soi-même inconnue, à son heure suprême,</texte>
        <texte>ses guides tremblants, incertains</texte>
        <texte>fuyaient. Il fallut donc, dans le péril extrême,</texte>
        <texte>de son salut la charger elle-même.</texte>
        <texte>Longtemps, en trois races d'humains,</texte>
        <texte>chez nous l'homme a maudit ou vanté sa naissance :</texte>
        <texte>les ministres de l'encensoir,</texte>
        <texte>et les grands, et le peuple immense.</texte>
        <texte>Tous à leurs envoyés confieront leur pouvoir.</texte>
        <texte>*Versailles les attend. On s'empresse d'élire ;</texte>
        <texte>on nomme. Trois palais s'ouvrent pour recevoir</texte>
        <texte>les représentants de l'empire.</texte>
        <texte>V.</texte>
        <texte>D'abord pontifes, grands, de cent titres ornés,</texte>
        <texte>fiers d'un règne antique et frouche,</texte>
        <texte>de siècles ignorants à leurs pieds prosternés,</texte>
        <texte>de richesses, d'aïeux vertueux ou prônés.</texte>
        <texte>Douce égalité, sur leur bouche,</texte>
        <texte>à ton seul nom pétille un rire âcre et jaloux.</texte>
        <texte>Ils n'ont point vu sans effroi, sans courroux,</texte>
        <texte>ces élus plébéiens, forts des maux de nos pères,</texte>
        <texte>forts de tous nos droits éclaircis,</texte>
        <texte>de la dignité d'homme, et des vastes lumières</texte>
        <texte>qui du mensonge ont percé les barrières.</texte>
        <texte>Le sénat du peuple est assis.</texte>
        <texte>Il invite en son sein, où respire la *France,</texte>
        <texte>les deux fiers sénats ; mais leurs coeurs</texte>
        <texte>n'ont que des refus. Il commence :</texte>
        <texte>il doit tout voir ; créer l'état, les lois, les</texte>
        <texte>moeurs.</texte>
        <texte>Puissant par notre aveu, sa main sage et profonde</texte>
        <texte>veut sonder notre plaie, et de tant de douleurs</texte>
        <texte>dévoiler la source féconde.</texte>
        <texte>VI.</texte>
        <texte>On tremble. On croit, n'osant encor lever le bras,</texte>
        <texte>les disperser par l'épouvante.</texte>
        <texte>Ils s'assemblaient ; leur seuil méconnaissant leurs</texte>
        <texte>pas,</texte>
        <texte>les rejette. Contre eux, prête à des attentats,</texte>
        <texte>luit la baïonnette insolente.</texte>
        <texte>Dieu ! Vont-ils fuir ? Non, non. Du peuple</texte>
        <texte>accompagnés,</texte>
        <texte>tous, par la ville, ils errent indignés :</texte>
        <texte>comme *Latone enceinte, et déjà presque mère,</texte>
        <texte>victime d'un jaloux pouvoir,</texte>
        <texte>sans asile flottait, courait la terre entière,</texte>
        <texte>pour mettre au jour les dieux de la lumière.</texte>
        <texte>Au loin fut un ample manoir,</texte>
        <texte>où le réseau noueux en élastique égide,</texte>
        <texte>arme d'un bras souple et nerveux,</texte>
        <texte>repoussant la balle rapide,</texte>
        <texte>exerçait la jeunesse en de robustes jeux.</texte>
        <texte>Peuple, de tes élus cette retraite obscure</texte>
        <texte>fut la *Délos. ô murs ! Temple à jamais fameux !</texte>
        <texte>Berceau des lois ! Sainte masure !</texte>
        <texte>VII.</texte>
        <texte>N'allons pas d'or, de jaspe, avilir à grands frais</texte>
        <texte>cette vénérable demeure ;</texte>
        <texte>sa rouille est son éclat. Qu'immuable à jamais</texte>
        <texte>elle règne au milieu des dômes, des palais.</texte>
        <texte>Qu'au lit de mort tout français pleure,</texte>
        <texte>s'il n'a point vu des murs où renaît son pays.</texte>
        <texte>Que *Sion, *Delphe, et la *Mecque, et *Saïs</texte>
        <texte>aient de moins de croyants attiré l'oeil fidèle.</texte>
        <texte>Que ce voyage souhaité</texte>
        <texte>récompense nos fils. Que ce toit leur rappelle</texte>
        <texte>ce tiers état, à la honte rebelle,</texte>
        <texte>fondateur de la liberté :</texte>
        <texte>comme en hâte arrivait la troupe courageuse,</texte>
        <texte>à travers d'humides torrents</texte>
        <texte>que versait la nue orageuse ;</texte>
        <texte>cinq prêtres avec eux ; tous amis, tous parents,</texte>
        <texte>s'embrassant au hasard dans cette longue enceinte ;</texte>
        <texte>tous juraient de périr ou vaincre les tyrans ;</texte>
        <texte>de ranimer la *Franceéteinte ;</texte>
        <texte>VIII.</texte>
        <texte>De ne se point quitter que nous n'eussions des lois</texte>
        <texte>qui nous feraient libres et justes.</texte>
        <texte>Tout un peuple, inondant jusqu'aux faîtes des toits,</texte>
        <texte>de larmes, de silence, ou de confuses voix,</texte>
        <texte>applaudissait ces voeux augustes.</texte>
        <texte>ô jour ! Jour triomphant ! Jour saint ! Jour</texte>
        <texte>immortel !</texte>
        <texte>Jour le plus beau qu'ait fait luire le ciel</texte>
        <texte>depuis qu'au fier *Clovis *Bellone fut propice !</texte>
        <texte>ô soleil, ton char étonné</texte>
        <texte>s'arrêta. Du sommet de ton brûlant solstice</texte>
        <texte>tu contemplais ce divin sacrifice !</texte>
        <texte>ô jour de splendeur couronné,</texte>
        <texte>tu verras nos neveux, superbes de ta gloire,</texte>
        <texte>vers toi d'un oeil religieux</texte>
        <texte>remonter au loin dans l'histoire.</texte>
        <texte>Ton lustre impérissable, honneur de leurs aïeux,</texte>
        <texte>du dernier avenir ira percer les ombres.</texte>
        <texte>Moins belle la comète aux longs crins radieux</texte>
        <texte>enflamme les nuits les plus sombres.</texte>
        <texte>IX.</texte>
        <texte>Que faisaient cependant les sénats séparés ?</texte>
        <texte>Le front ceint d'un vaste plumage,</texte>
        <texte>ou de mitres, de croix, d'hermines décorés,</texte>
        <texte>que tentaient-ils d'efforts pour demeurer sacrés ?</texte>
        <texte>Pour arrêter le noble ouvrage ?</texte>
        <texte>Pour n'être point français ? Pour commander aux lois ?</texte>
        <texte>Pour ramener ces temps de leurs exploits,</texte>
        <texte>où ces tyrans, valets sous le tyran suprême,</texte>
        <texte>aux cris du peuple indifférents,</texte>
        <texte>partageaient le trésor, l'état, le diadème ?</texte>
        <texte>Mais l'équité dans leurs sanhédrins même</texte>
        <texte>trouve des amis. Quelques grands,</texte>
        <texte>et des dignes pasteurs une troupe fidèle,</texte>
        <texte>par ta céleste main poussés,</texte>
        <texte>conscience, chaste immortelle,</texte>
        <texte>viennent aux vrais français, d'attendre enfin lassés,</texte>
        <texte>se joindre ; à leur orgueil abandonnant des prêtres</texte>
        <texte>d'opulence perdus, des nobles insensés</texte>
        <texte>ensevelis dans leurs ancêtres.</texte>
        <texte>X.</texte>
        <texte>Bientôt ce reste même est contraint de plier.</texte>
        <texte>ô raison, divine puissace !</texte>
        <texte>Ton souffle impérieux dans le même sentier</texte>
        <texte>les précipite tous. Je vois le fleuve entier</texte>
        <texte>rouler en paix son onde immense,</texte>
        <texte>et dans ce lit commun tous ces faibles ruisseaux</texte>
        <texte>perdre à jamais et leurs noms et leurs eaux.</texte>
        <texte>ô *France ! Sois heureuse entre toutes les mères.</texte>
        <texte>Ne pleure plus des fils ingrats,</texte>
        <texte>qui jadis s'indignaient d'être appelés nos frères ;</texte>
        <texte>tous revenus des lointaines chimères,</texte>
        <texte>la famille est toute en tes bras.</texte>
        <texte>Mais que vois-je ? Ils feignaient ? Aux bords de notre</texte>
        <texte>*Seine</texte>
        <texte>pourquoi ces belliqueux apprêts ?</texte>
        <texte>Pourquoi vers notre cité-reine</texte>
        <texte>ces camps, ces étrangers, ces bataillons français</texte>
        <texte>traînés à conspirer au trépas de la *France ?</texte>
        <texte>De quoi rit ce troupeau d'eunuques du palais ?</texte>
        <texte>Riez, lâche et perfide engeance.</texte>
        <texte>XI.</texte>
        <texte>D'un roi facile et bon corrupteurs détrônés,</texte>
        <texte>riez ; mais le torrent s'amasse.</texte>
        <texte>Riez ; mais du volcan les feux emprisonnés</texte>
        <texte>bouillonnent. Des lions si longtemps enchaînés</texte>
        <texte>vous n'attendiez plus tant d'audace ?</texte>
        <texte>Le peuple est réveillé. Le peuple est souverain.</texte>
        <texte>Tout est vaincu. La tyrannie en vain,</texte>
        <texte>monstre aux bouches de bronze, arme pour cette guerre</texte>
        <texte>ses cent yeux, ses vingt mille bras,</texte>
        <texte>ses flancs gros de salpêtre, où mugit le tonnerre :</texte>
        <texte>sous son pied faible elle sent fuir sa terre ;</texte>
        <texte>et meurt sous les pesants éclats</texte>
        <texte>des créneaux fulminants, des tours et des murailles</texte>
        <texte>qui ceignaient son front détesté.</texte>
        <texte>Déraciné dans ses entrailles,</texte>
        <texte>l'enfer de la bastille à tous les vents jeté,</texte>
        <texte>vole, débris infâme, et cendre inanimée ;</texte>
        <texte>et de ces grands tombeaux, la belle liberté,</texte>
        <texte>altière, étincelante, armée,</texte>
        <texte>XII.</texte>
        <texte>Sort. Comme un triple foudre éclate au haut des cieux,</texte>
        <texte>trois couleurs dans sa main agile</texte>
        <texte>flottent en long drapeau. Son cri victorieux</texte>
        <texte>tonne. à sa voix, qui sait, comme la voix des dieux,</texte>
        <texte>en hommes transformer l'argile,</texte>
        <texte>la terre tressaillit. Elle quitta son deuil.</texte>
        <texte>Le genre humain d'espérance et d'orgueil</texte>
        <texte>sourit. Les noirs donjons s'écroulèrent d'eux-mêmes.</texte>
        <texte>Jusque sur les trônes lointains</texte>
        <texte>les tyrans ébranlés, en hâte à leurs fronts blêmes,</texte>
        <texte>pour retenir leurs tremblants diadèmes,</texte>
        <texte>portèrent leurs royales mains.</texte>
        <texte>à son souffle de feu, soudain de nos campagnes</texte>
        <texte>s'écoulent les soldats épars,</texte>
        <texte>comme les neiges des montagnes ;</texte>
        <texte>et le fer ennemi tourné vers nos remparts,</texte>
        <texte>comme aux rayons lancés du centre ardent d'un verre,</texte>
        <texte>tout à coup à nos yeux fondu de toutes parts,</texte>
        <texte>fuit et s'échappe sous la terre.</texte>
        <texte>XIII.</texte>
        <texte>Il renaît citoyen ; en moisson de soldats</texte>
        <texte>se résout la glèbe aguerrie.</texte>
        <texte>*Cérès même et sa faux s'arment pour les combats.</texte>
        <texte>Sur tous ses fils, jurant d'affronter le trépas,</texte>
        <texte>appuyée au loin, la patrie</texte>
        <texte>brave les rois jaloux, le transfuge imposteur,</texte>
        <texte>des paladins le fer gladiateur,</texte>
        <texte>des zoïles verbeux l'hypocrite délire.</texte>
        <texte>Salut, peuple français ! Ma main</texte>
        <texte>tresse pour toi les fleurs que fait naître la lyre.</texte>
        <texte>Reprends tes droits, rentre dans ton empire.</texte>
        <texte>Par toi sous le niveau divin</texte>
        <texte>la fière égalité range tout devant elle.</texte>
        <texte>Ton choix, de splendeur revêtu,</texte>
        <texte>fait les grands. La race mortelle</texte>
        <texte>par toi lève son front si longtemps abattu.</texte>
        <texte>Devant les nations souverains légitimes,</texte>
        <texte>ces fronts, dits souverains, s'abaissent. La vertu</texte>
        <texte>des honneurs aplanit les cimes.</texte>
        <texte>XIV.</texte>
        <texte>ô peuple deux fois né ! Peuple vieux et nouveau !</texte>
        <texte>Tronc rajeuni parles années !</texte>
        <texte>Phénix sorti vivant des cendres du tombeau !</texte>
        <texte>Et vous aussi, salut, vous, porteurs du flambeau</texte>
        <texte>qui nous montra nos destinées !</texte>
        <texte>*Paris vous tend les bras, enfants de notre choix !</texte>
        <texte>Pères d'un peuple ! Architectes des lois !</texte>
        <texte>Vous qui savez fonder, d'une main ferme et sûre,</texte>
        <texte>pour l'homme un code solennel,</texte>
        <texte>sur tous ses premiers droits, sa charte antique et</texte>
        <texte>pure ;</texte>
        <texte>ses droits sacrés, nés avec la nature,</texte>
        <texte>contemporains de l'éternel.</texte>
        <texte>Vous avez tout dompté. Nul joug ne vous arrête.</texte>
        <texte>Tout obstacle est mort sous vos coups.</texte>
        <texte>Vous voilà montés sur le faîte.</texte>
        <texte>Soyez prompts à fléchir sous vos devoirs jaloux.</texte>
        <texte>Bienfaiteurs, il vous reste un grand compte à nous</texte>
        <texte>rendre.</texte>
        <texte>Il vous reste à borner et les autres et vous ;</texte>
        <texte>il vous reste à savoir descendre.</texte>
        <texte>XV.</texte>
        <texte>Vos coeurs sont citoyens. Je le veux. Toutefois</texte>
        <texte>vous pouvez tout. Vous êtes hommes.</texte>
        <texte>Hommes, d'un homme libre écoutez donc la voix.</texte>
        <texte>Ne craignez plus que vous. Magistrats, peuples, rois,</texte>
        <texte>citoyens, tous tant que nous sommes,</texte>
        <texte>tout mortel dans son coeur cache, même à ses yeux,</texte>
        <texte>l'ambition, serpent insidieux,</texte>
        <texte>arbre impur, que déguise une brillante écorce.</texte>
        <texte>L'empire, l'absolu pouvoir</texte>
        <texte>ont, pour la vertu même, une mielleuse amorce.</texte>
        <texte>Trop de désirs naissent de trop de force.</texte>
        <texte>Qui peut tout pourra trop vouloir.</texte>
        <texte>Il pourra négliger, sûr du commun suffrage,</texte>
        <texte>et l'équitable humanité,</texte>
        <texte>et la décence au doux langage.</texte>
        <texte>L'obstacle nous fait grands. Par l'obstacle excité,</texte>
        <texte>l'homme, heureux à poursuivre une pénible gloire,</texte>
        <texte>va se perdre à l'écueil de la prospérité,</texte>
        <texte>vaincu par sa propre victoire.</texte>
        <texte>XVI.</texte>
        <texte>Mais au peuple surtout sauvez l'abus amer</texte>
        <texte>de sa subite indépendance.</texte>
        <texte>Contenez dans son lit cette orageuse mer.</texte>
        <texte>Par vous seuls dépouillé de ses liens de fer,</texte>
        <texte>dirigez sa bouillante enfance.</texte>
        <texte>Vers les lois, le devoir, et l'ordre, et l'équité</texte>
        <texte>guidez, hélas ! Sa jeune liberté.</texte>
        <texte>Gardez que nul remords n'en attriste la fête.</texte>
        <texte>Repoussant d'antiques affronts,</texte>
        <texte>qu'il brise pour jamais, dans sa noble conquête,</texte>
        <texte>le joug honteux qui pesait sur sa tête,</texte>
        <texte>sans le poser sur d'autres fronts.</texte>
        <texte>Ah ! Ne le laissez pas, dans la sanglante rage</texte>
        <texte>d'un ressentiment inhumain,</texte>
        <texte>souiller sa cause et votre ouvrage.</texte>
        <texte>Ah ! Ne le laissez pas sans conseil et sans frein,</texte>
        <texte>armant, pour soutenir ses droits si légitimes,</texte>
        <texte>la torche incendiaire et le fer assassin,</texte>
        <texte>venger la raison par des crimes.</texte>
        <texte>XVII.</texte>
        <texte>Peuple ! Ne croyons pas que tout nous soit permis.</texte>
        <texte>Craignez vos courtisans avides,</texte>
        <texte>ô peuple souverain ! à votre oreille admis</texte>
        <texte>cent orateurs bourreaux se nomment vos amis.</texte>
        <texte>Ils soufflent des feux homicides.</texte>
        <texte>Aux pieds de notre orgueil prostituant les droits,</texte>
        <texte>nos passions par eux deviennent lois.</texte>
        <texte>La pensée est livrée à leurs lâches tortures.</texte>
        <texte>Partout cherchant des trahisons,</texte>
        <texte>à nos soupçons jaloux, aux haines, aux parjures,</texte>
        <texte>ils vont forgeant d'exécrables pâtures.</texte>
        <texte>Leurs feuilles, noires de poisons,</texte>
        <texte>sont autant de gibets affamés de carnage.</texte>
        <texte>Ils attisent de rang en rang</texte>
        <texte>la proscription et l'outrage.</texte>
        <texte>Chaque jour dans l'arène ils déchirent le flanc</texte>
        <texte>d'hommes, que nous livrons à la fureur des bêtes.</texte>
        <texte>Ils nous vendent leur mort. Ils emplissent de sang</texte>
        <texte>les coupes qu'ils nous tiennent prêtes.</texte>
        <texte>XVIII.</texte>
        <texte>Peuple, la liberté, d'un bras religieux,</texte>
        <texte>garde l'immuable équilibre</texte>
        <texte>de tous les droits humains, tous émanés des cieux.</texte>
        <texte>Son courage n'est point féroce et furieux ;</texte>
        <texte>et l'oppresseur n'est jamais libre.</texte>
        <texte>Périsse l'homme vil ! Périssent les flatteurs,</texte>
        <texte>des rois, du peuple infâmes corrupteurs !</texte>
        <texte>L'amour du souverain, de la loi salutaire,</texte>
        <texte>toujours teint leurs lèvres de miel.</texte>
        <texte>Peur, avarice ou haine est leur dieu sanguinaire.</texte>
        <texte>Sur la vertu toujours leur langue amère</texte>
        <texte>distille l'opprobre et le fiel.</texte>
        <texte>Hydre en vain écrasé, toujours prompt à renaître,</texte>
        <texte>séjans, tigellins empressés</texte>
        <texte>vers quiconque est devenu maître ;</texte>
        <texte>si, voués au lacet, de faibles accusés</texte>
        <texte>expirent sous les mains de leurs coupables frères ;</texte>
        <texte>si le meurtre est vainqueur ; si des bras insensés</texte>
        <texte>forcent des toits héréditaires :</texte>
        <texte>XIX.</texte>
        <texte>C'est bien. Fais-toi justice, ô peuple souverain,</texte>
        <texte>dit cette cour lâche et hardie.</texte>
        <texte>Ils avaient dit : c'est bien, quand, la lyre à la</texte>
        <texte>main,</texte>
        <texte>l'incestueux chanteur, ivre de sang romain,</texte>
        <texte>applaudissait à l'incendie.</texte>
        <texte>Ainsi de deux partis les aveugles conseils</texte>
        <texte>chassent la paix. Contraires, mais pareils,</texte>
        <texte>dans un égal abîme, une égale démence</texte>
        <texte>de tous deux entraîne les pas.</texte>
        <texte>L'un, vandale stupide, en son humble arrogance,</texte>
        <texte>veut être esclave et despote, et s'offense</texte>
        <texte>que ramper soit honteux et bas.</texte>
        <texte>L'autre arme son poignard du sceau de la loi sainte ;</texte>
        <texte>il veut du faible sans soutien</texte>
        <texte>savourer les pleurs ou la crainte.</texte>
        <texte>L'un du nom de sujet, l'autre de citoyen,</texte>
        <texte>masque son âme inique et de vice flétrie ;</texte>
        <texte>l'un sur l'autre acharnés, ils comptent tous pour rien</texte>
        <texte>liberté, vérité, patrie.</texte>
        <texte>XX.</texte>
        <texte>De prière, d'encens prodigue nuit et jour,</texte>
        <texte>le fanatisme se relève.</texte>
        <texte>Martyrs, bourreaux, tyrans, rebelles tour à tour ;</texte>
        <texte>ministres effrayants de concorde et d'amour,</texte>
        <texte>venus pour apporter le glaive ;</texte>
        <texte>ardents contre la terre à soulever les cieux,</texte>
        <texte>rivaux des lois, d'humbles séditieux,</texte>
        <texte>de trouble et d'anathème artisans implacables...</texte>
        <texte>mais où vais-je ? L'oeil tout-puissant</texte>
        <texte>pénètre seul les coeurs à l'homme impénétrables.</texte>
        <texte>Laissons cent fois échapper les coupables,</texte>
        <texte>plutôt qu'outrager l'innocent.</texte>
        <texte>Si plus d'un, pour tromper, étale un faux scrupule ;</texte>
        <texte>plus d'un, par les méchants conduit,</texte>
        <texte>n'est que vertueux et crédule.</texte>
        <texte>De l'exemple éloquent laissons germer le fruit,</texte>
        <texte>la vertu vit encore. Il est, il est des âmes</texte>
        <texte>où la patrie, aimée et sans faste et sans bruit,</texte>
        <texte>allume de constantes flammes.</texte>
        <texte>XXI.</texte>
        <texte>Par ces sages esprits, forts contre les excès,</texte>
        <texte>rocs affermis du sein de l'onde,</texte>
        <texte>raison, fille du temps, tes durables succès</texte>
        <texte>sur le pouvoir des lois établiront la paix.</texte>
        <texte>Et vous, usurpateurs du monde,</texte>
        <texte>rois, colosses d'orgueil, en délices noyés,</texte>
        <texte>ouvrez les yeux : hâtez-vous. Vous voyez</texte>
        <texte>quel tourbillon divin de vengeances prochaines</texte>
        <texte>s'avance vers vous. Croyez-moi,</texte>
        <texte>prévenez l'ouragan et vos chutes certaines.</texte>
        <texte>Aux nations déguisez mieux vos chaînes :</texte>
        <texte>allégez-leur le poids d'un roi.</texte>
        <texte>Effacez de leur sein les livides blessures,</texte>
        <texte>traces de vos pieds oppresseurs.</texte>
        <texte>Le ciel parle dans leurs murmures.</texte>
        <texte>Si l'aspect d'un bon roi peut adoucir vos moeurs ;</texte>
        <texte>ou si le glaive ami, sauveur de l'esclavage,</texte>
        <texte>sur vos fronts suspendu, peut éclairer vos coeurs</texte>
        <texte>d'un effroi salutaire et sage ;</texte>
        <texte>XXII.</texte>
        <texte>Apprenez la justice : apprenez que vos droits</texte>
        <texte>ne sont point votre vain caprice.</texte>
        <texte>Si votre sceptre impie ose frapper les lois ;</texte>
        <texte>parricides, tremblez ; tremblez, indignes rois.</texte>
        <texte>La liberté législatrice,</texte>
        <texte>la sainte liberté, fille du sol français,</texte>
        <texte>pour venger l'homme et punir les forfaits,</texte>
        <texte>va parcourir la terre en arbitre suprême.</texte>
        <texte>Tremblez ; ses yeux lancent l'éclair.</texte>
        <texte>Il faudra comparaître et répondre vous-même ;</texte>
        <texte>nus, sans flatteurs, sans cour, sans diadème,</texte>
        <texte>sans gardes hérissés de fer.</texte>
        <texte>La nécessité traîne, inflexible et puissante,</texte>
        <texte>à ce tribunal souverain,</texte>
        <texte>votre majesté chancelante :</texte>
        <texte>là seront recueillis les pleurs du genre humain :</texte>
        <texte>là, juge incorruptible, et la main sur sa foudre,</texte>
        <texte>elle entendra le peuple, et les sceptres d'airain</texte>
        <texte>disparaîtront, réduits en poudre.</texte>
        <texte>3.</texte>
        <texte>Mon frère, que jamais la tristesse importune</texte>
        <texte>ne trouble ses prosérités !</texte>
        <texte>Qu'il remplisse à la fois la scène et la tribune !</texte>
        <texte>Que les grandeurs et la fortune</texte>
        <texte>le comblent de leurs biens qu'il a tant souhaités !</texte>
        <texte>Que les muses, les arts, toujours d'un nouveau lustre</texte>
        <texte>embellissent tous ses travaux ;</texte>
        <texte>et que, cédant à peine à son vingtième lustre,</texte>
        <texte>de son tombeau la pierre illustre</texte>
        <texte>s'élève radieuse entre tous les tombeaux !</texte>
        <texte>Mais...</texte>
        <texte>infortune, honnêtes douleurs,</texte>
        <texte>souffrance, des vertus superbe et chaste fille,</texte>
        <texte>salut. Mes frères, ma famille,</texte>
        <texte>sont tous les opprimés, ceux qui versent des pleurs,</texte>
        <texte>ceux que livre à la hache un féroce caprice ;</texte>
        <texte>ceux qui brûlent un noble encens</texte>
        <texte>aux pieds de la vertu que l'on traîne au supplice,</texte>
        <texte>et bravent le sceptre du vice,</texte>
        <texte>ses caresses, ses dons, ses regards menaçants ;</texte>
        <texte>ceux qui devant le crime, idole ensanglantée,</texte>
        <texte>n'ont jamais fléchi les genoux,</texte>
        <texte>et soudain, à sa vue impie et détestée,</texte>
        <texte>sentent leur poitrine agitée</texte>
        <texte>et s'enflammer leur front d'un généreux courroux.</texte>
        <texte>4.</texte>
        <texte>Il sait qu'il doit mourir. à sa vie ajoutées</texte>
        <texte>quelques heures de plus, au prix du déshonneur,</texte>
        <texte>lui sembleraient trop achetées.</texte>
        <texte>Il voit avec mépris le vulgaire imbécile,</texte>
        <texte>toujours turbulent et servile,</texte>
        <texte>flotter de maître en maître et d'autel en autel.</texte>
        <texte>... comme l'antique athlète</texte>
        <texte>sur le sol où son pied s'arrête,</texte>
        <texte>où ne peut l'ébranler nul effort d'un mortel.</texte>
        <texte>Et chaque jour à la fortune</texte>
        <texte>demande à quel autel doit brûler son encens.</texte>
        <texte>Comme...</texte>
        <texte>tel...</texte>
        <texte>sous le joug du mépris un coupable abattu</texte>
        <texte>s'engourdit dans la honte ; et son pied sans courage,</texte>
        <texte>que n'enhardit aucun suffrage,</texte>
        <texte>ne tente plus un pas qui mène à la vertu.</texte>
        <texte>Ode.</texte>
        <texte>Strophe I.</texte>
        <texte>ô mon esprit, au sein des cieux,</texte>
        <texte>loin de tes noirs chagrins, une ardente allégresse</texte>
        <texte>te transporte au banquet des dieux,</texte>
        <texte>lorsque ta haine vengeresse,</texte>
        <texte>rallumée à l'aspect et du meurtre et du sang,</texte>
        <texte>ouvre de ton carquois l'inépuisable flanc.</texte>
        <texte>De là vole aux méchants ta flèche redoutée,</texte>
        <texte>d'un fiel vertueux humectée,</texte>
        <texte>qu'au défaut de la foudre, esclave du plus fort,</texte>
        <texte>sur tous ces pontifes du crime,</texte>
        <texte>par qui la *France, aveugle et stupide victime,</texte>
        <texte>palpite et se débat contre une longue mort,</texte>
        <texte>lance ta fureur magnanime.</texte>
        <texte>Antistrophe I.</texte>
        <texte>Tu crois, d'un éternel flambeau</texte>
        <texte>éclairant les forfaits d'une horde ennemie,</texte>
        <texte>défendre à la nuit du tombeau</texte>
        <texte>d'ensevelir leur infamie.</texte>
        <texte>Déjà tu penses voir, des bouts de l'univers,</texte>
        <texte>sur la foi de ma lyre, au nom de ces pervers,</texte>
        <texte>frémir l'horreur publique ; et d'honneur et de gloire</texte>
        <texte>fleurir ma tombe et ta mémoire ;</texte>
        <texte>comme autrefois tes grecs accouraient à des jeux,</texte>
        <texte>quand l'amoureux fleuve d'*élide</texte>
        <texte>eut de traîtres punis vu triompher *Alcide ;</texte>
        <texte>ou quand l'arc *Pythien d'un reptile fangeux</texte>
        <texte>eut purgé les champs de *Phocide.</texte>
        <texte>épode I.</texte>
        <texte>Vain espoir ! Inutile soin !</texte>
        <texte>Ramper est des humains l'ambition commune ;</texte>
        <texte>c'est leur plaisir, c'est leur besoin.</texte>
        <texte>Voir, fatigue leurs yeux ; juger les importune ;</texte>
        <texte>ils laissent juger la fortune,</texte>
        <texte>qui fait juste celui qu'elle fait tout-puissant ;</texte>
        <texte>ce n'est point la vertu, c'est la seule victoire</texte>
        <texte>qui donne et l'honneur et la gloire :</texte>
        <texte>teint du sang des vaincus, tout glaive est innocent.</texte>
        <texte>Strophe II.</texte>
        <texte>Que tant d'opprimés expirants</texte>
        <texte>aillent aux cieux enfin réveiller le supplice ;</texte>
        <texte>que sur ces monstres dévorants</texte>
        <texte>son bras d'airain s'appesantisse ;</texte>
        <texte>qu'ils tombent : à l'instant vois-tu leurs noms</texte>
        <texte>flétris,</texte>
        <texte>par leur peuple vénal leurs cadavres meurtris,</texte>
        <texte>et pour jamais transmise à la publique ivresse</texte>
        <texte>ta louange vec leur bassesse ?</texte>
        <texte>Mais si *Mars est pour eux, leurs vertus, leurs</texte>
        <texte>bienfaits,</texte>
        <texte>sont bénis de la terre entière.</texte>
        <texte>Tout s'obscurcit auprès de la splendeur guerrière ;</texte>
        <texte>elle éblouit les yeux, et sur les noirs forfaits</texte>
        <texte>étend un voile de lumière.</texte>
        <texte>Antistrophe II.</texte>
        <texte>Dès lors l'étranger étonné</texte>
        <texte>se tait avec respect devant leur sceptre immense ;</texte>
        <texte>leur peuple à leurs pieds enchaîné,</texte>
        <texte>vantant jusques à leur clémence,</texte>
        <texte>nous voue à la risée, à l'opprobre, aux tourments,</texte>
        <texte>nous, de la vertu libre indomptables amants.</texte>
        <texte>Humains, lâche troupeau ! ... mais qu'importent au sage</texte>
        <texte>votre blâme, votre suffrage,</texte>
        <texte>vos encens, vos poignards, et de flux en reflux</texte>
        <texte>vos passions précipitées ?</texte>
        <texte>Il nous faut tous mourir. à sa vie ajoutées,</texte>
        <texte>au prix du déshonneur, quelques heures de plus</texte>
        <texte>lui sembleraient trop achetées.</texte>
        <texte>épode II.</texte>
        <texte>Lui, grands dieux ! Courtisan menteur,</texte>
        <texte>de sa raison céleste abandonner le faîte,</texte>
        <texte>pour descendre à votre hauteur !</texte>
        <texte>En lui-même affermi, comme l'antique athlète,</texte>
        <texte>sur le sol, où son pied s'arrête,</texte>
        <texte>il reste, inébranlable à tout effort mortel ;</texte>
        <texte>et laisse avec dédain ce vulgaire imbécile,</texte>
        <texte>toujours turbulent et servile,</texte>
        <texte>flotter de maître en maître et d'autel en autel.</texte>
        <texte>5.</texte>
        <texte>Il demande du pain :</texte>
        <texte>on lui donne du sang. Il voit tomber des têtes ;</texte>
        <texte>il chante et ne sent plus la faim.</texte>
        <texte>*Byzance, mon berceau, jamais tes janissaires</texte>
        <texte>du musulman paisible ont-ils forcé le seuil ?</texte>
        <texte>Vont-ils jusqu'en son lit, nocturnes émissaires,</texte>
        <texte>porter l'épouvante et le deuil ?</texte>
        <texte>Son harem ne connaît, invisible retraite,</texte>
        <texte>le choix, ni les projets, ni le nom des vizirs.</texte>
        <texte>Là, sûr du lendemain, il repose sa tête,</texte>
        <texte>sans craindre, au sein de ses plaisirs,</texte>
        <texte>que cent nouvelles lois qu'une nuit a fait naître,</texte>
        <texte>de juges assassins un tribunal pervers,</texte>
        <texte>lancent sur son réveil, avec le nom de traître,</texte>
        <texte>la mort, la ruine, ou les fers.</texte>
        <texte>Tes moeurs et ton coran sur ton sultan farouche</texte>
        <texte>veillent, le glaive nu, s'il croyait tout pouvoir ;</texte>
        <texte>s'il osait tout braver, et dérober sa bouche</texte>
        <texte>au frein de l'antique devoir.</texte>
        <texte>Voilà donc une digue où la toute-puissance</texte>
        <texte>voit briser le torrent de ses vastes progrès.</texte>
        <texte>Liberté qui nous fuis, tu ne fuis point *Byzance ;</texte>
        <texte>tu planes sur ses minarets.</texte>
        <texte>6.</texte>
        <texte>Un vulgaire assassin va chercher les ténèbres ;</texte>
        <texte>il nie, il jure sur l'autel.</texte>
        <texte>Mais nous, grands, libres, fiers, à nos exploits</texte>
        <texte>funèbres,</texte>
        <texte>à nos turpitudes célèbres,</texte>
        <texte>nous voulons attacher un éclat immortel.</texte>
        <texte>De l'oubli taciturne et de son onde noire</texte>
        <texte>nous savons détourner le cours.</texte>
        <texte>Nous appelons sur nous l'éternelle mémoire.</texte>
        <texte>Nos forfaits, notre unique histoire,</texte>
        <texte>parent de nos cités les brillants carrefours.</texte>
        <texte>ô gardes de *Louis sous les voûtes royales</texte>
        <texte>par nos ménades déchirés,</texte>
        <texte>vos têtes sur un fer ont pour nos bacchanales</texte>
        <texte>orné nos portes triomphales.</texte>
        <texte>à ces bronzes hideux, nos monuments sacrés,</texte>
        <texte>tout ce peuple hébété que nul remords ne touche,</texte>
        <texte>cruel même dans son repos,</texte>
        <texte>vient sourire aux succès de sa rage farouche</texte>
        <texte>et, la soif encore à la bouche,</texte>
        <texte>ruminer tout le sang dont il a bu les flots.</texte>
        <texte>Arts dignes de nos yeux ! Pompe et magnificence</texte>
        <texte>digne de notre liberté,</texte>
        <texte>digne des vils tyrans qui dévastent la *France,</texte>
        <texte>digne de l'atroce démence</texte>
        <texte>du stupide *David qu'autrefois j'ai chanté.</texte>
        <texte>De *Barca, du *Niger les désertes arènes</texte>
        <texte>nourrissent cérastes ardents,</texte>
        <texte>tigres à l'oeil de flamme, implacables hyènes ;</texte>
        <texte>le bitume flotte en leurs veines ;</texte>
        <texte>une rage homicide aiguillonne leurs dents.</texte>
        <texte>à de tels compagnons votre juste message</texte>
        <texte>devait ouvrir votre cité.</texte>
        <texte>Se jeter sur le faible est aussi leur courage.</texte>
        <texte>Ils vivent aussi de carnage.</texte>
        <texte>Voir du sang est aussi leur seule volupté.</texte>
        <texte>Mais n'osez plus flétrir de votre ignare estime</texte>
        <texte>des mortels semblables aux dieux.</texte>
        <texte>Dans leurs mâles écrits quel foudre magnanime</texte>
        <texte>tonne sur vous et sur le crime !</texte>
        <texte>Ah ! Si le crime et vous pouviez baisser les yeux !</texte>
        <texte>7.</texte>
        <texte>Quoi ! Tandis que partout, ou sincères ou feintes,</texte>
        <texte>des lâches, des pervers, les larmes et les plaintes</texte>
        <texte>consacrent leur *Marat parmi les immortels ;</texte>
        <texte>et que, prêtre orgueilleux de cette idole vile,</texte>
        <texte>des fanges du *Parnasse un impudent reptile</texte>
        <texte>vomit un hymne infâme au pied de ses autels ;</texte>
        <texte>la vérité se tait ! Dans sa bouche glacée,</texte>
        <texte>des liens de la peur sa langue embarrassée</texte>
        <texte>dérobe un juste hommage aux exploits glorieux !</texte>
        <texte>Vivre est-il donc si doux ? De quel prix est la vie,</texte>
        <texte>quand, sous un joug honteux la pensée asservie,</texte>
        <texte>tremblante, au fond du coeur se cache à tous les</texte>
        <texte>yeux ?</texte>
        <texte>Non, non, je ne veux point t'honorer en silence,</texte>
        <texte>toi qui crus par ta mort ressusciter la *France,</texte>
        <texte>et dévouas tes jours à punir des forfaits.</texte>
        <texte>Le glaive arma ton bras, fille grande et sublime,</texte>
        <texte>pour faire honte aux dieux, pour réparer leur crime,</texte>
        <texte>quand d'un homme à ce monstre ils donnèrent les</texte>
        <texte>traits.</texte>
        <texte>Le noir serpent, sorti de sa caverne impure,</texte>
        <texte>a donc vu rompre enfin sous ta main ferme et sûre</texte>
        <texte>le venimeux tissu de ses jours abhorrés !</texte>
        <texte>Aux entrailles du tigre, à ses dents homicides,</texte>
        <texte>tu vins redemander et les membres livides,</texte>
        <texte>et le sang des humains qu'il avait dévorés !</texte>
        <texte>Son oeil mourant t'a vue, en ta superbe joie,</texte>
        <texte>féliciter ton bras, et contempler ta proie.</texte>
        <texte>Ton regard lui disait : " va, tyran furieux,</texte>
        <texte>va, cours frayer la route aux tyrans tes complices.</texte>
        <texte>Te baigner dans le sang fut tes seules délices ;</texte>
        <texte>baigne-toi dans le tien, et reconnais des dieux. "</texte>
        <texte>la *Grèce, ô fille illustre, admirant ton courage,</texte>
        <texte>épuiserait *Paros, pour placer ton image</texte>
        <texte>auprès d'*Harmodius, auprès de son ami ;</texte>
        <texte>et des choeurs sur ta tombe, en une sainte ivresse,</texte>
        <texte>chanteraient *Némésis, la tardive déesse,</texte>
        <texte>qui frappe le méchant sur son trône endormi.</texte>
        <texte>Mais la *France à la hache abandonne ta tête.</texte>
        <texte>C'est au monstre égorgé qu'on prépare une fête,</texte>
        <texte>parmi ses compagnons, tous dignes de son sort.</texte>
        <texte>Oh ! Quel noble dédain fit sourire ta bouche,</texte>
        <texte>quand un brigand, vengeur de ce brigand farouche,</texte>
        <texte>crut te faire pâlir aux menaces de mort !</texte>
        <texte>C'est lui qui dut pâlir ; et tes juges sinistres,</texte>
        <texte>et notre affreux sénat, et ses affreux ministres,</texte>
        <texte>quand, à leur tribunal, sans crainte et sans appui,</texte>
        <texte>ta douceur, ton langage et simple et magnanime,</texte>
        <texte>leur apprit qu'en effet, tout puissant qu'est le</texte>
        <texte>crime,</texte>
        <texte>qui renonce à la vie est plus puissant que lui.</texte>
        <texte>Longtemps, sous les dehors d'une allégresse aimable,</texte>
        <texte>dans ses détours profonds ton âme impénétrable</texte>
        <texte>avait tenu cachés les destins du pervers.</texte>
        <texte>Ainsi, dans le secret amassant la tempête,</texte>
        <texte>rit un beau ciel d'azur, qui cependant s'apprête</texte>
        <texte>à foudroyer les monts, et soulever les mers.</texte>
        <texte>Belle, jeune, brillante, aux bourreaux amenée,</texte>
        <texte>tu semblais t'avancer sur le char d'hyménée.</texte>
        <texte>Ton front resta paisible, et ton regard serein.</texte>
        <texte>Calme sur l'échafaud, tu méprisas la rage</texte>
        <texte>d'un peuple abject, servile, et fécond en outrage,</texte>
        <texte>et qui se croit alors et libre et souverain.</texte>
        <texte>La vertu seule est libre. Honneur de notre histoire,</texte>
        <texte>notre immortel opprobre y vit avec ta gloire.</texte>
        <texte>Seule tu fus un homme, et vengeas les humains.</texte>
        <texte>Et nous, eunuques vils, troupeau lâche et sans âme,</texte>
        <texte>nous savons répéter quelques plaintes de femme,</texte>
        <texte>mais le fer pèserait à nos débiles mains.</texte>
        <texte>Non ; tu ne pensais pas qu'aux mânes de la *France</texte>
        <texte>un seul traître immolé suffît à sa vengeance,</texte>
        <texte>ou tirât du chaos ses débris dispersés.</texte>
        <texte>Tu voulais, enflammant les courages timides,</texte>
        <texte>réveiller les poignards sur tous ces parricides,</texte>
        <texte>de rapine, de sang, d'infamie engraissés.</texte>
        <texte>Un scélérat de moins rampe dans cette fange.</texte>
        <texte>La vertu t'applaudit. De sa mâle louange</texte>
        <texte>entends, belle héroïne, entends l'auguste voix.</texte>
        <texte>ô vertu, le poignard, seul espoir de la terre,</texte>
        <texte>est ton arme sacrée, alors que le tonnerre</texte>
        <texte>laisse régner le crime, et te vend à ses lois.</texte>
        <texte>8.</texte>
        <texte>La déesse aux cent voix bruyantes</texte>
        <texte>a du séjour sacré des âmes innocentes</texte>
        <texte>percé les ténébreux chemins.</texte>
        <texte>Là, du jeune *La *Barre un bois triste et nocturne</texte>
        <texte>voit à pas lents errer loin de tous les humains</texte>
        <texte>l'ombre superbe et taciturne.</texte>
        <texte>La nymphe ailée auprès de lui</texte>
        <texte>descend : " viens, lui dit-elle, il est temps que ta</texte>
        <texte>haine</texte>
        <texte>pardonne à la race humaine.</texte>
        <texte>Ta patrie est juste aujourd'hui. "  </texte>
    </M674.xml>
</TEI_S>
